team1,team2,score1,score2,odds1,odds2,datetime,notes
Colorado Rockies,Boston Red Sox,3,4,+117,-141,29 Oct 2007 00:20,Play Offs
Colorado Rockies,Boston Red Sox,5,10,+114,-145,29 Oct 2007 01:00,Play Offs
Boston Red Sox,Colorado Rockies,2,1,-189,+158,26 Oct 2007 00:15,Play Offs
Boston Red Sox,Colorado Rockies,13,1,-208,+163,25 Oct 2007 00:20,Play Offs
Boston Red Sox,Cleveland Indians,11,2,-172,+135,22 Oct 2007 00:00,Play Offs
Boston Red Sox,Cleveland Indians,12,2,-130,+104,21 Oct 2007 00:07,Play Offs
Cleveland Indians,Boston Red Sox,1,7,-102,-125,19 Oct 2007 00:00,Play Offs
Cleveland Indians,Boston Red Sox,7,3,-105,-120,16 Oct 2007 21:55,Play Offs
Cleveland Indians,Boston Red Sox,4,2,-102,-123,15 Oct 2007 21:55,Play Offs
Colorado Rockies,Arizona Diamondbacks,6,4,-169,+144,15 Oct 2007 21:55,Play Offs
Colorado Rockies,Arizona Diamondbacks,4,1,-161,+135,14 Oct 2007 21:55,Play Offs
Boston Red Sox,Cleveland Indians,6,13,-152,+114,13 Oct 2007 21:55,Play Offs
Arizona Diamondbacks,Colorado Rockies,2,3,-133,+100,12 Oct 2007 21:55,Play Offs
Boston Red Sox,Cleveland Indians,10,3,-159,+131,12 Oct 2007 21:55,Play Offs
Arizona Diamondbacks,Colorado Rockies,1,5,-135,+100,11 Oct 2007 21:55,Play Offs
New York Yankees,Cleveland Indians,4,6,-222,+167,08 Oct 2007 21:55,Play Offs
New York Yankees,Cleveland Indians,8,4,-196,+152,07 Oct 2007 21:55,Play Offs
Los Angeles Angels,Boston Red Sox,1,9,-115,-122,07 Oct 2007 19:00,Play Offs
Chicago Cubs,Arizona Diamondbacks,1,5,-189,+152,06 Oct 2007 21:55,Play Offs
Colorado Rockies,Philadelphia Phillies,2,1,-156,+129,06 Oct 2007 21:55,Play Offs
Boston Red Sox,Los Angeles Angels,6,3,-156,+120,05 Oct 2007 21:55,Play Offs
Cleveland Indians,New York Yankees,2,1,+100,-135,05 Oct 2007 21:00,Play Offs
Cleveland Indians,New York Yankees,12,3,-108,-119,04 Oct 2007 21:55,Play Offs
Philadelphia Phillies,Colorado Rockies,5,10,-164,+125,04 Oct 2007 19:00,Play Offs
Arizona Diamondbacks,Chicago Cubs,3,1,-135,+110,03 Oct 2007 21:55,Play Offs
Boston Red Sox,Los Angeles Angels,4,0,-161,+135,03 Oct 2007 21:55,Play Offs
Philadelphia Phillies,Colorado Rockies,2,4,-152,+125,03 Oct 2007 19:00,Play Offs
Colorado Rockies,San Diego Padres,9,8,+125,-154,01 Oct 2007 21:55,Play Offs
Chicago White Sox,Detroit Tigers,3,2,+135,-167,29 Sep 2007 21:55,Play Offs
Colorado Rockies,Arizona Diamondbacks,11,1,-167,+135,29 Sep 2007 21:55,Play Offs
Houston Astros,Atlanta Braves,3,2,-111,-111,29 Sep 2007 21:55,Play Offs
Kansas City Royals,Cleveland Indians,4,3,+102,-125,29 Sep 2007 21:55,Play Offs
Los Angeles Dodgers,San Francisco Giants,6,5,-200,+160,29 Sep 2007 21:55,Play Offs
Pittsburgh Pirates,St.Louis Cardinals,3,7,-125,+102,29 Sep 2007 21:55,Play Offs
Seattle Mariners,Texas Rangers,5,1,-125,+102,29 Sep 2007 21:55,Play Offs
Oakland Athletics,Los Angeles Angels,2,3,+114,-143,29 Sep 2007 20:05,Play Offs
Philadelphia Phillies,Washington Nationals,2,4,-222,+175,29 Sep 2007 20:00,Play Offs
New York Mets,Miami Marlins,13,0,-250,+195,29 Sep 2007 17:10,Play Offs
Toronto Blue Jays,Tampa Bay Rays,5,3,-167,+135,29 Sep 2007 17:05,Play Offs
St.Louis Cardinals,Chicago Cubs,2,3,-105,-125,15 Sep 2007 21:55,Play Offs
Detroit Tigers,Texas Rangers,4,1,-213,+170,11 Sep 2007 21:55,Play Offs
Detroit Tigers,Toronto Blue Jays,5,4,-135,+104,10 Sep 2007 21:55,Play Offs
New York Mets,Washington Nationals,3,1,-244,+190,28 Jul 2007 20:00,Play Offs
St.Louis Cardinals,Milwaukee Brewers,7,6,-111,-120,28 Jul 2007 20:00,Play Offs
Chicago White Sox,Detroit Tigers,5,3,-116,-116,24 Jul 2007 21:55,Play Offs
Texas Rangers,Seattle Mariners,2,1,-116,-116,24 Jul 2007 21:55,Play Offs
San Diego Padres,Atlanta Braves,4,5,-152,+120,08 Jul 2007 21:55,Play Offs
Oakland Athletics,Seattle Mariners,3,7,-192,+154,08 Jul 2007 20:05,Play Offs
Colorado Rockies,Philadelphia Phillies,4,8,-147,+114,08 Jul 2007 19:05,Play Offs
Texas Rangers,Baltimore Orioles,2,1,-125,-105,08 Jul 2007 19:05,Play Offs
St.Louis Cardinals,San Francisco Giants,7,0,-111,-120,08 Jul 2007 18:15,
Kansas City Royals,Tampa Bay Rays,12,4,+104,-135,08 Jul 2007 18:10,
Chicago White Sox,Minnesota Twins,6,3,-132,+100,08 Jul 2007 18:05,
Houston Astros,New York Mets,8,3,-175,+145,08 Jul 2007 18:05,
Pittsburgh Pirates,Chicago Cubs,6,2,+145,-175,08 Jul 2007 17:35,
Washington Nationals,Milwaukee Brewers,7,2,+135,-167,08 Jul 2007 17:35,
Cincinnati Reds,Arizona Diamondbacks,4,3,-161,+129,08 Jul 2007 17:15,
Detroit Tigers,Boston Red Sox,6,5,+114,-147,08 Jul 2007 17:05,
New York Yankees,Los Angeles Angels,12,0,-200,+165,08 Jul 2007 17:05,
Toronto Blue Jays,Cleveland Indians,1,0,+100,-132,08 Jul 2007 17:05,
Cincinnati Reds,Arizona Diamondbacks,5,4,+125,-156,07 Jul 2007 21:55,
Colorado Rockies,Philadelphia Phillies,6,3,-120,-111,07 Jul 2007 21:55,
Los Angeles Dodgers,Miami Marlins,2,7,-167,+135,07 Jul 2007 21:55,
Pittsburgh Pirates,Chicago Cubs,1,7,+120,-152,07 Jul 2007 21:55,
St.Louis Cardinals,San Francisco Giants,6,7,-120,-111,07 Jul 2007 21:55,
Texas Rangers,Baltimore Orioles,0,3,+104,-135,07 Jul 2007 21:55,
Oakland Athletics,Seattle Mariners,0,4,-135,+104,07 Jul 2007 20:05,
San Diego Padres,Atlanta Braves,8,5,-147,+114,07 Jul 2007 19:55,
Toronto Blue Jays,Cleveland Indians,4,9,-116,-116,07 Jul 2007 17:05,
Chicago White Sox,Minnesota Twins,0,12,-120,-111,06 Jul 2007 21:55,
Cincinnati Reds,Arizona Diamondbacks,8,1,-120,-111,06 Jul 2007 21:55,
Colorado Rockies,Philadelphia Phillies,7,6,-161,+129,06 Jul 2007 21:55,
Detroit Tigers,Boston Red Sox,9,2,-125,-105,06 Jul 2007 21:55,
Houston Astros,New York Mets,4,0,-125,-105,06 Jul 2007 21:55,
Los Angeles Dodgers,Miami Marlins,5,6,-147,+114,06 Jul 2007 21:55,
San Diego Padres,Atlanta Braves,4,7,-147,+114,06 Jul 2007 21:55,
St.Louis Cardinals,San Francisco Giants,3,4,-125,-105,06 Jul 2007 21:55,
Texas Rangers,Baltimore Orioles,4,3,-116,-116,06 Jul 2007 21:55,
Chicago White Sox,Baltimore Orioles,11,6,-120,-111,05 Jul 2007 21:55,
Cincinnati Reds,San Francisco Giants,6,3,-132,+100,05 Jul 2007 21:55,
Houston Astros,New York Mets,2,6,-105,-125,05 Jul 2007 21:55,
Los Angeles Dodgers,Atlanta Braves,6,8,-141,+110,05 Jul 2007 21:55,
Oakland Athletics,Seattle Mariners,3,2,-152,+120,05 Jul 2007 21:55,
St.Louis Cardinals,Arizona Diamondbacks,3,2,-135,+104,05 Jul 2007 21:55,
Texas Rangers,Los Angeles Angels,2,5,+145,-175,05 Jul 2007 21:55,
Washington Nationals,Chicago Cubs,2,4,+110,-141,05 Jul 2007 21:55,
San Diego Padres,Miami Marlins,2,3,-263,+210,05 Jul 2007 19:35,
Detroit Tigers,Cleveland Indians,12,3,-120,-111,05 Jul 2007 17:05,
Pittsburgh Pirates,Milwaukee Brewers,6,3,+110,-141,05 Jul 2007 16:35,
Colorado Rockies,New York Mets,17,7,+114,-147,04 Jul 2007 21:55,
Detroit Tigers,Cleveland Indians,6,4,-141,+110,04 Jul 2007 21:55,
Kansas City Royals,Seattle Mariners,0,4,-111,-120,04 Jul 2007 21:55,
San Diego Padres,Miami Marlins,1,0,-233,+179,04 Jul 2007 21:55,
St.Louis Cardinals,Arizona Diamondbacks,5,4,-141,+110,04 Jul 2007 21:55,
Texas Rangers,Los Angeles Angels,4,2,+154,-192,04 Jul 2007 21:55,
Oakland Athletics,Toronto Blue Jays,3,10,-135,+104,04 Jul 2007 20:05,
Houston Astros,Philadelphia Phillies,3,8,+100,-132,04 Jul 2007 18:05,
Cincinnati Reds,San Francisco Giants,5,9,-111,-120,04 Jul 2007 17:15,
Boston Red Sox,Tampa Bay Rays,7,5,-233,+179,04 Jul 2007 17:05,
Washington Nationals,Chicago Cubs,6,0,+135,-167,04 Jul 2007 16:05,
Cincinnati Reds,San Francisco Giants,7,3,-132,+100,03 Jul 2007 21:55,
Detroit Tigers,Cleveland Indians,4,5,-141,+110,03 Jul 2007 21:55,
Houston Astros,Philadelphia Phillies,5,4,-175,+145,03 Jul 2007 21:55,
Los Angeles Dodgers,Atlanta Braves,7,6,-156,+125,03 Jul 2007 21:55,
San Diego Padres,Miami Marlins,4,6,-156,+125,03 Jul 2007 21:55,
St.Louis Cardinals,Arizona Diamondbacks,1,7,+114,-147,03 Jul 2007 21:55,
Texas Rangers,Los Angeles Angels,8,3,+100,-132,03 Jul 2007 21:55,
Pittsburgh Pirates,Milwaukee Brewers,6,2,+129,-161,03 Jul 2007 20:05,
Colorado Rockies,New York Mets,6,2,+100,-132,02 Jul 2007 21:55,
Houston Astros,Philadelphia Phillies,7,5,-111,-120,02 Jul 2007 21:55,
Los Angeles Dodgers,Atlanta Braves,8,2,-125,-105,02 Jul 2007 21:55,
San Diego Padres,Miami Marlins,3,1,-135,+104,02 Jul 2007 21:55,
St.Louis Cardinals,Arizona Diamondbacks,11,3,+110,-141,02 Jul 2007 21:55,
Washington Nationals,Chicago Cubs,2,7,+129,-161,02 Jul 2007 21:55,
Detroit Tigers,Minnesota Twins,1,0,-175,+145,01 Jul 2007 21:55,
Los Angeles Dodgers,San Diego Padres,5,0,-125,-105,01 Jul 2007 20:10,
Seattle Mariners,Toronto Blue Jays,2,1,-111,-120,01 Jul 2007 20:05,
Chicago Cubs,Milwaukee Brewers,5,1,-120,-111,01 Jul 2007 18:20,
Kansas City Royals,Chicago White Sox,1,3,-105,-125,01 Jul 2007 18:10,
Boston Red Sox,Texas Rangers,1,2,-182,+150,01 Jul 2007 18:05,
Pittsburgh Pirates,Washington Nationals,2,3,-156,+125,01 Jul 2007 17:35,
Cincinnati Reds,St.Louis Cardinals,7,11,-116,-116,01 Jul 2007 17:15,
Cleveland Indians,Tampa Bay Rays,3,2,-152,+120,01 Jul 2007 17:05,
Houston Astros,Colorado Rockies,0,5,-116,-116,30 Jun 2007 21:55,
Kansas City Royals,Chicago White Sox,1,3,-116,-116,30 Jun 2007 21:55,
Los Angeles Dodgers,San Diego Padres,1,3,-116,-116,30 Jun 2007 21:55,
San Francisco Giants,Arizona Diamondbacks,4,1,-135,+104,30 Jun 2007 21:55,
Seattle Mariners,Toronto Blue Jays,8,3,+120,-152,30 Jun 2007 21:55,
Chicago Cubs,Milwaukee Brewers,4,13,-111,-120,30 Jun 2007 19:55,
New York Yankees,Oakland Athletics,0,7,-156,+125,30 Jun 2007 17:05,
Houston Astros,Colorado Rockies,9,8,-152,+120,29 Jun 2007 21:55,
Kansas City Royals,Chicago White Sox,8,1,-116,-116,29 Jun 2007 21:55,
Los Angeles Dodgers,San Diego Padres,6,7,-105,-125,29 Jun 2007 21:55,
Miami Marlins,Atlanta Braves,3,12,-105,-125,29 Jun 2007 21:55,
Pittsburgh Pirates,Washington Nationals,3,2,-182,+150,29 Jun 2007 21:55,
San Francisco Giants,Arizona Diamondbacks,3,4,-135,+104,29 Jun 2007 21:55,
Seattle Mariners,Toronto Blue Jays,5,3,-152,+120,29 Jun 2007 21:55,
Chicago Cubs,Milwaukee Brewers,6,5,-135,+104,29 Jun 2007 18:20,
Arizona Diamondbacks,Los Angeles Dodgers,5,9,-147,+114,28 Jun 2007 21:55,
Houston Astros,Colorado Rockies,8,5,-175,+145,28 Jun 2007 21:55,
Philadelphia Phillies,Cincinnati Reds,8,7,-161,+129,28 Jun 2007 21:55,
Tampa Bay Rays,Chicago White Sox,1,5,-135,+104,28 Jun 2007 21:55,
Minnesota Twins,Toronto Blue Jays,8,5,-111,-120,28 Jun 2007 17:10,
Detroit Tigers,Texas Rangers,5,2,-213,+170,28 Jun 2007 17:05,
Cleveland Indians,Oakland Athletics,4,3,-132,+100,28 Jun 2007 16:05,
Arizona Diamondbacks,Los Angeles Dodgers,2,0,-135,+104,27 Jun 2007 21:55,
Atlanta Braves,Washington Nationals,13,0,-244,+190,27 Jun 2007 21:55,
Minnesota Twins,Toronto Blue Jays,4,5,-147,+114,27 Jun 2007 21:55,
Philadelphia Phillies,Cincinnati Reds,6,9,-147,+114,27 Jun 2007 21:55,
Tampa Bay Rays,Chicago White Sox,3,5,-105,-125,27 Jun 2007 21:55,
Seattle Mariners,Boston Red Sox,2,1,+154,-192,27 Jun 2007 20:35,
Los Angeles Angels,Kansas City Royals,0,1,-263,+210,27 Jun 2007 19:35,
Chicago Cubs,Colorado Rockies,6,4,-192,+154,27 Jun 2007 18:20,
Milwaukee Brewers,Houston Astros,6,3,-167,+135,27 Jun 2007 18:05,
Arizona Diamondbacks,Los Angeles Dodgers,5,6,-116,-116,26 Jun 2007 21:55,
Atlanta Braves,Washington Nationals,6,2,-161,+129,26 Jun 2007 21:55,
Chicago Cubs,Colorado Rockies,8,5,-147,+114,26 Jun 2007 21:55,
Minnesota Twins,Toronto Blue Jays,2,1,-116,-116,26 Jun 2007 21:55,
Philadelphia Phillies,Cincinnati Reds,11,4,-152,+120,26 Jun 2007 21:55,
San Francisco Giants,San Diego Padres,2,3,-125,-105,26 Jun 2007 21:55,
Seattle Mariners,Boston Red Sox,8,7,-147,+114,26 Jun 2007 21:55,
Tampa Bay Rays,Chicago White Sox,1,6,-141,+110,26 Jun 2007 21:55,
Arizona Diamondbacks,Los Angeles Dodgers,1,8,+104,-135,25 Jun 2007 21:55,
Chicago Cubs,Colorado Rockies,10,9,-120,-111,25 Jun 2007 21:55,
Cleveland Indians,Oakland Athletics,5,2,-147,+114,25 Jun 2007 21:55,
Minnesota Twins,Toronto Blue Jays,5,8,+114,-147,25 Jun 2007 21:55,
San Francisco Giants,San Diego Padres,4,3,-120,-111,25 Jun 2007 21:55,
Seattle Mariners,Boston Red Sox,9,4,+100,-132,25 Jun 2007 21:55,
Tampa Bay Rays,Chicago White Sox,4,5,-141,+110,25 Jun 2007 21:55,
Atlanta Braves,Detroit Tigers,0,5,-111,-120,24 Jun 2007 21:55,
Texas Rangers,Houston Astros,9,12,-116,-116,24 Jun 2007 21:55,
Arizona Diamondbacks,Baltimore Orioles,8,3,-132,+100,24 Jun 2007 20:40,
San Diego Padres,Boston Red Sox,2,4,-132,+100,24 Jun 2007 20:05,
San Francisco Giants,New York Yankees,7,2,+135,-167,24 Jun 2007 20:05,
Los Angeles Angels,Pittsburgh Pirates,4,3,-167,+135,24 Jun 2007 19:35,
St.Louis Cardinals,Philadelphia Phillies,1,5,+145,-175,24 Jun 2007 18:15,
Chicago White Sox,Chicago Cubs,0,3,-120,-111,24 Jun 2007 18:05,
Washington Nationals,Cleveland Indians,3,1,+135,-167,24 Jun 2007 17:35,
New York Mets,Oakland Athletics,10,2,-156,+125,24 Jun 2007 17:10,
Toronto Blue Jays,Colorado Rockies,5,0,-125,-105,24 Jun 2007 17:05,
Arizona Diamondbacks,Baltimore Orioles,7,4,-147,+114,23 Jun 2007 21:55,
Los Angeles Angels,Pittsburgh Pirates,10,1,-213,+170,23 Jun 2007 21:55,
Miami Marlins,Minnesota Twins,1,11,-105,-125,23 Jun 2007 21:55,
Seattle Mariners,Cincinnati Reds,9,1,-175,+145,23 Jun 2007 21:55,
Tampa Bay Rays,Los Angeles Dodgers,4,3,-135,+104,23 Jun 2007 21:55,
San Francisco Giants,New York Yankees,6,5,+145,-175,23 Jun 2007 19:55,
St.Louis Cardinals,Philadelphia Phillies,8,3,-120,-111,23 Jun 2007 17:10,
Chicago White Sox,Chicago Cubs,1,2,-116,-116,23 Jun 2007 17:05,
Arizona Diamondbacks,Baltimore Orioles,1,7,-192,+154,22 Jun 2007 21:55,
Atlanta Braves,Detroit Tigers,0,5,-161,+129,22 Jun 2007 21:55,
Miami Marlins,Minnesota Twins,5,4,-120,-111,22 Jun 2007 21:55,
Milwaukee Brewers,Kansas City Royals,11,6,-182,+150,22 Jun 2007 21:55,
San Diego Padres,Boston Red Sox,1,2,+104,-135,22 Jun 2007 21:55,
San Francisco Giants,New York Yankees,3,7,+100,-132,22 Jun 2007 21:55,
St.Louis Cardinals,Philadelphia Phillies,0,6,-116,-116,22 Jun 2007 21:55,
Tampa Bay Rays,Los Angeles Dodgers,3,6,+120,-152,22 Jun 2007 21:55,
Texas Rangers,Houston Astros,11,3,-125,-105,22 Jun 2007 21:55,
Chicago White Sox,Chicago Cubs,1,5,-111,-120,22 Jun 2007 20:05,
Seattle Mariners,Pittsburgh Pirates,3,0,-200,+165,21 Jun 2007 21:55,
Toronto Blue Jays,Los Angeles Dodgers,4,8,-141,+110,21 Jun 2007 21:55,
San Diego Padres,Baltimore Orioles,3,6,-120,-111,21 Jun 2007 19:35,
Colorado Rockies,New York Yankees,4,3,+154,-192,21 Jun 2007 19:05,
Texas Rangers,Chicago Cubs,6,5,+104,-135,21 Jun 2007 18:05,
Atlanta Braves,Boston Red Sox,0,11,-111,-120,20 Jun 2007 21:55,
Colorado Rockies,New York Yankees,6,1,+129,-161,20 Jun 2007 21:55,
New York Mets,Minnesota Twins,2,6,-213,+170,20 Jun 2007 21:55,
San Diego Padres,Baltimore Orioles,1,7,-156,+125,20 Jun 2007 21:55,
Texas Rangers,Chicago Cubs,7,3,+104,-135,20 Jun 2007 21:55,
Toronto Blue Jays,Los Angeles Dodgers,12,1,-175,+145,20 Jun 2007 21:55,
Washington Nationals,Detroit Tigers,4,8,+150,-182,20 Jun 2007 21:55,
Arizona Diamondbacks,Tampa Bay Rays,7,4,-111,-120,20 Jun 2007 19:40,
Oakland Athletics,Cincinnati Reds,5,3,-250,+200,20 Jun 2007 19:35,
Chicago White Sox,Miami Marlins,4,5,-132,+100,20 Jun 2007 18:05,
Atlanta Braves,Boston Red Sox,0,4,-105,-125,19 Jun 2007 21:55,
Colorado Rockies,New York Yankees,3,1,+145,-175,19 Jun 2007 21:55,
New York Mets,Minnesota Twins,0,9,+110,-141,19 Jun 2007 21:55,
San Diego Padres,Baltimore Orioles,12,6,-250,+200,19 Jun 2007 21:55,
Texas Rangers,Chicago Cubs,4,5,+104,-135,19 Jun 2007 21:55,
Washington Nationals,Detroit Tigers,1,15,+125,-156,19 Jun 2007 21:55,
Arizona Diamondbacks,Tampa Bay Rays,10,8,-132,+100,19 Jun 2007 19:40,
Chicago White Sox,Miami Marlins,5,7,-116,-116,19 Jun 2007 18:05,
Milwaukee Brewers,San Francisco Giants,6,2,-182,+150,19 Jun 2007 18:05,
Arizona Diamondbacks,Tampa Bay Rays,2,10,-182,+150,18 Jun 2007 21:55,
Atlanta Braves,Boston Red Sox,9,4,+100,-132,18 Jun 2007 21:55,
Chicago White Sox,Miami Marlins,10,6,-132,+100,18 Jun 2007 21:55,
Milwaukee Brewers,San Francisco Giants,5,4,-132,+100,18 Jun 2007 21:55,
New York Mets,Minnesota Twins,8,1,-167,+135,18 Jun 2007 21:55,
Oakland Athletics,Cincinnati Reds,6,1,-172,+140,18 Jun 2007 21:55,
New York Yankees,New York Mets,8,2,-182,+150,17 Jun 2007 21:55,
Los Angeles Dodgers,Los Angeles Angels,4,10,+100,-132,17 Jun 2007 20:10,
Colorado Rockies,Tampa Bay Rays,4,7,-120,-111,17 Jun 2007 19:05,
Chicago Cubs,San Diego Padres,3,11,-125,-105,17 Jun 2007 18:20,
Kansas City Royals,Miami Marlins,5,4,-116,-116,17 Jun 2007 18:10,
Boston Red Sox,San Francisco Giants,9,5,-182,+150,17 Jun 2007 18:05,
Baltimore Orioles,Arizona Diamondbacks,4,6,+110,-141,17 Jun 2007 17:35,
Cincinnati Reds,Texas Rangers,4,11,-156,+125,17 Jun 2007 17:15,
Cleveland Indians,Atlanta Braves,5,2,-192,+154,17 Jun 2007 17:05,
Colorado Rockies,Tampa Bay Rays,10,5,-132,+100,16 Jun 2007 21:55,
Houston Astros,Seattle Mariners,9,4,-116,-116,16 Jun 2007 21:55,
Kansas City Royals,Miami Marlins,8,9,-120,-111,16 Jun 2007 21:55,
Oakland Athletics,St.Louis Cardinals,6,15,-175,+145,16 Jun 2007 21:55,
Cleveland Indians,Atlanta Braves,2,6,-120,-111,16 Jun 2007 19:55,
Chicago Cubs,San Diego Padres,0,1,-116,-116,16 Jun 2007 17:05,
Baltimore Orioles,Arizona Diamondbacks,3,7,-152,+120,15 Jun 2007 21:55,
Cincinnati Reds,Texas Rangers,6,7,-141,+110,15 Jun 2007 21:55,
Colorado Rockies,Tampa Bay Rays,12,2,-116,-116,15 Jun 2007 21:55,
Kansas City Royals,Miami Marlins,6,2,-116,-116,15 Jun 2007 21:55,
Los Angeles Dodgers,Los Angeles Angels,2,1,-120,-111,15 Jun 2007 21:55,
Oakland Athletics,St.Louis Cardinals,14,3,-192,+154,15 Jun 2007 21:55,
Chicago Cubs,San Diego Padres,4,1,-141,+110,15 Jun 2007 18:20,
Boston Red Sox,Colorado Rockies,1,7,-213,+170,14 Jun 2007 21:55,
Minnesota Twins,Atlanta Braves,3,2,-182,+150,14 Jun 2007 21:55,
Chicago Cubs,Seattle Mariners,5,4,-152,+120,14 Jun 2007 18:20,
Houston Astros,Oakland Athletics,5,6,-116,-116,14 Jun 2007 18:05,
New York Yankees,Arizona Diamondbacks,7,1,-250,+200,14 Jun 2007 17:05,
Cincinnati Reds,Los Angeles Angels,7,9,+104,-135,14 Jun 2007 16:35,
Tampa Bay Rays,San Diego Padres,1,7,-116,-116,14 Jun 2007 16:10,
Cincinnati Reds,Los Angeles Angels,3,6,+125,-156,13 Jun 2007 21:55,
Houston Astros,Oakland Athletics,3,7,-116,-116,13 Jun 2007 21:55,
Los Angeles Dodgers,New York Mets,9,1,-135,+104,13 Jun 2007 21:55,
Minnesota Twins,Atlanta Braves,6,0,-116,-116,13 Jun 2007 21:55,
New York Yankees,Arizona Diamondbacks,7,2,-233,+179,13 Jun 2007 21:55,
San Francisco Giants,Toronto Blue Jays,4,7,-152,+120,13 Jun 2007 19:35,
Philadelphia Phillies,Chicago White Sox,8,4,-116,-116,13 Jun 2007 17:05,
Baltimore Orioles,Washington Nationals,4,7,-175,+145,12 Jun 2007 21:55,
Cincinnati Reds,Los Angeles Angels,5,3,+110,-141,12 Jun 2007 21:55,
Houston Astros,Oakland Athletics,5,4,-167,+135,12 Jun 2007 21:55,
Kansas City Royals,St.Louis Cardinals,8,1,-116,-116,12 Jun 2007 21:55,
Los Angeles Dodgers,New York Mets,4,1,-111,-120,12 Jun 2007 21:55,
San Francisco Giants,Toronto Blue Jays,3,2,-116,-116,12 Jun 2007 21:55,
Chicago Cubs,Houston Astros,2,1,-182,+150,11 Jun 2007 21:55,
Los Angeles Dodgers,New York Mets,5,3,-116,-116,11 Jun 2007 21:55,
San Francisco Giants,Toronto Blue Jays,4,3,-147,+114,11 Jun 2007 21:55,
Texas Rangers,Milwaukee Brewers,6,9,-120,-111,10 Jun 2007 21:55,
Arizona Diamondbacks,Boston Red Sox,5,1,-111,-120,10 Jun 2007 20:40,
Los Angeles Dodgers,Toronto Blue Jays,5,11,-111,-120,10 Jun 2007 20:10,
San Francisco Giants,Oakland Athletics,0,2,-132,+100,10 Jun 2007 20:05,
St.Louis Cardinals,Los Angeles Angels,9,6,+114,-147,10 Jun 2007 18:15,
Kansas City Royals,Philadelphia Phillies,17,5,+110,-141,10 Jun 2007 18:10,
Chicago White Sox,Houston Astros,6,3,-141,+110,10 Jun 2007 18:05,
Baltimore Orioles,Colorado Rockies,1,6,-161,+129,10 Jun 2007 17:35,
Cincinnati Reds,Cleveland Indians,1,0,+120,-152,10 Jun 2007 17:15,
Detroit Tigers,New York Mets,15,7,-120,-111,10 Jun 2007 17:05,
Arizona Diamondbacks,Boston Red Sox,3,4,-116,-116,09 Jun 2007 21:55,
Atlanta Braves,Chicago Cubs,9,5,-147,+114,09 Jun 2007 21:55,
Cincinnati Reds,Cleveland Indians,6,8,-111,-120,09 Jun 2007 21:55,
Los Angeles Dodgers,Toronto Blue Jays,0,1,-161,+129,09 Jun 2007 21:55,
San Diego Padres,Seattle Mariners,5,6,-147,+114,09 Jun 2007 21:55,
St.Louis Cardinals,Los Angeles Angels,3,9,-120,-111,09 Jun 2007 21:55,
Texas Rangers,Milwaukee Brewers,4,3,+120,-152,09 Jun 2007 21:55,
Chicago White Sox,Houston Astros,2,3,-132,+100,09 Jun 2007 19:55,
Arizona Diamondbacks,Boston Red Sox,3,10,+125,-156,08 Jun 2007 21:55,
Atlanta Braves,Chicago Cubs,1,9,-111,-120,08 Jun 2007 21:55,
Chicago White Sox,Houston Astros,2,5,-120,-111,08 Jun 2007 21:55,
Cincinnati Reds,Cleveland Indians,4,3,+100,-132,08 Jun 2007 21:55,
Los Angeles Dodgers,Toronto Blue Jays,4,3,-200,+165,08 Jun 2007 21:55,
San Francisco Giants,Oakland Athletics,3,5,-132,+100,08 Jun 2007 21:55,
Texas Rangers,Milwaukee Brewers,9,6,+104,-135,08 Jun 2007 21:55,
Arizona Diamondbacks,San Francisco Giants,4,5,-132,+100,07 Jun 2007 21:55,
New York Mets,Philadelphia Phillies,3,6,-116,-116,07 Jun 2007 21:55,
Atlanta Braves,Chicago Cubs,1,2,-116,-116,07 Jun 2007 21:55,
San Diego Padres,Los Angeles Dodgers,6,5,-233,+179,07 Jun 2007 21:55,
St.Louis Cardinals,Cincinnati Reds,1,5,-152,+120,07 Jun 2007 21:55,
Texas Rangers,Detroit Tigers,4,11,+104,-135,07 Jun 2007 21:55,
Oakland Athletics,Boston Red Sox,0,1,+110,-141,07 Jun 2007 19:35,
Colorado Rockies,Houston Astros,7,6,+120,-152,07 Jun 2007 19:05,
Washington Nationals,Pittsburgh Pirates,2,3,+110,-141,07 Jun 2007 17:05,
Toronto Blue Jays,Tampa Bay Rays,3,5,-233,+179,07 Jun 2007 16:35,
Cleveland Indians,Kansas City Royals,8,3,-263,+210,07 Jun 2007 16:05,
Arizona Diamondbacks,San Francisco Giants,1,0,-156,+125,06 Jun 2007 21:55,
Cleveland Indians,Kansas City Royals,3,4,-213,+170,06 Jun 2007 21:55,
Colorado Rockies,Houston Astros,8,7,-152,+120,06 Jun 2007 21:55,
Oakland Athletics,Boston Red Sox,3,2,-111,-120,06 Jun 2007 21:55,
St.Louis Cardinals,Cincinnati Reds,6,4,-116,-116,06 Jun 2007 21:55,
Texas Rangers,Detroit Tigers,0,10,+110,-141,06 Jun 2007 21:55,
Seattle Mariners,Baltimore Orioles,5,9,-141,+110,06 Jun 2007 20:35,
Milwaukee Brewers,Chicago Cubs,2,6,-120,-111,06 Jun 2007 18:05,
Atlanta Braves,Miami Marlins,4,7,-120,-111,06 Jun 2007 17:05,
Arizona Diamondbacks,San Francisco Giants,4,3,-132,+100,05 Jun 2007 21:55,
Colorado Rockies,Houston Astros,1,4,-132,+100,05 Jun 2007 21:55,
Milwaukee Brewers,Chicago Cubs,7,5,-116,-116,05 Jun 2007 21:55,
New York Mets,Philadelphia Phillies,2,4,-147,+114,05 Jun 2007 21:55,
Oakland Athletics,Boston Red Sox,2,0,+129,-161,05 Jun 2007 21:55,
Seattle Mariners,Baltimore Orioles,5,4,-141,+110,05 Jun 2007 21:55,
Texas Rangers,Detroit Tigers,7,4,-105,-125,05 Jun 2007 21:55,
Toronto Blue Jays,Tampa Bay Rays,12,11,-250,+200,05 Jun 2007 21:55,
Atlanta Braves,Miami Marlins,3,1,-125,-105,05 Jun 2007 17:00,
Milwaukee Brewers,Chicago Cubs,2,7,-125,-105,04 Jun 2007 21:55,
Pittsburgh Pirates,Los Angeles Dodgers,5,6,+120,-152,04 Jun 2007 21:55,
Seattle Mariners,Baltimore Orioles,7,4,-132,+100,04 Jun 2007 21:55,
Tampa Bay Rays,Kansas City Royals,4,2,-156,+125,04 Jun 2007 19:10,
Philadelphia Phillies,San Francisco Giants,1,8,-120,-111,04 Jun 2007 17:05,
Boston Red Sox,New York Yankees,5,6,-141,+110,03 Jun 2007 21:55,
Oakland Athletics,Minnesota Twins,4,2,+110,-141,03 Jun 2007 20:05,
Los Angeles Angels,Baltimore Orioles,4,3,-141,+110,03 Jun 2007 19:35,
Colorado Rockies,Cincinnati Reds,10,9,-141,+110,03 Jun 2007 19:05,
Chicago Cubs,Atlanta Braves,10,1,-141,+110,03 Jun 2007 18:20,
Milwaukee Brewers,Miami Marlins,3,0,-147,+114,03 Jun 2007 18:05,
Tampa Bay Rays,Kansas City Royals,5,1,-147,+114,03 Jun 2007 17:40,
Pittsburgh Pirates,Los Angeles Dodgers,4,5,-111,-120,03 Jun 2007 17:35,
New York Mets,Arizona Diamondbacks,1,4,-161,+129,03 Jun 2007 17:10,
Toronto Blue Jays,Chicago White Sox,4,3,-132,+100,03 Jun 2007 17:05,
Cleveland Indians,Detroit Tigers,5,9,-152,+120,02 Jun 2007 21:55,
Colorado Rockies,Cincinnati Reds,4,1,-172,+140,02 Jun 2007 21:55,
Los Angeles Angels,Baltimore Orioles,7,4,-152,+120,02 Jun 2007 21:55,
Seattle Mariners,Texas Rangers,5,4,-147,+114,02 Jun 2007 21:55,
Tampa Bay Rays,Kansas City Royals,4,9,-125,-105,02 Jun 2007 21:55,
Boston Red Sox,New York Yankees,11,6,-135,+104,02 Jun 2007 19:55,
Chicago Cubs,Atlanta Braves,3,5,-152,+120,02 Jun 2007 17:05,
Los Angeles Angels,Baltimore Orioles,3,2,-192,+154,01 Jun 2007 21:55,
Cleveland Indians,Detroit Tigers,12,11,-161,+129,01 Jun 2007 21:55,
Colorado Rockies,Cincinnati Reds,2,4,-141,+110,01 Jun 2007 21:55,
Milwaukee Brewers,Miami Marlins,8,5,-152,+120,01 Jun 2007 21:55,
New York Mets,Arizona Diamondbacks,1,5,-132,+100,01 Jun 2007 21:55,
Toronto Blue Jays,Chicago White Sox,0,3,-147,+114,01 Jun 2007 21:55,
Chicago Cubs,Atlanta Braves,5,8,-172,+140,01 Jun 2007 18:20,
Colorado Rockies,St.Louis Cardinals,3,7,-152,+120,31 May 2007 21:55,
Houston Astros,Cincinnati Reds,10,2,+100,-132,31 May 2007 21:55,
Los Angeles Angels,Baltimore Orioles,2,6,-213,+170,31 May 2007 21:55,
Toronto Blue Jays,Chicago White Sox,2,0,-161,+129,31 May 2007 21:55,
Colorado Rockies,St.Louis Cardinals,4,8,-156,+125,30 May 2007 21:55,
Houston Astros,Cincinnati Reds,3,4,-116,-116,30 May 2007 21:55,
Kansas City Royals,Baltimore Orioles,0,3,+100,-132,30 May 2007 21:55,
Los Angeles Angels,Seattle Mariners,8,6,-120,-111,30 May 2007 21:55,
Philadelphia Phillies,Arizona Diamondbacks,3,4,-120,-111,30 May 2007 21:55,
Tampa Bay Rays,Detroit Tigers,5,3,-116,-116,30 May 2007 21:55,
Oakland Athletics,Texas Rangers,6,1,-222,+175,30 May 2007 19:35,
Minnesota Twins,Chicago White Sox,7,6,-116,-116,30 May 2007 17:10,
Milwaukee Brewers,Atlanta Braves,3,9,+100,-132,30 May 2007 17:05,
Colorado Rockies,St.Louis Cardinals,8,3,-116,-116,29 May 2007 21:55,
Kansas City Royals,Baltimore Orioles,2,6,+100,-132,29 May 2007 21:55,
Los Angeles Angels,Seattle Mariners,4,1,-152,+120,29 May 2007 21:55,
Milwaukee Brewers,Atlanta Braves,5,4,-120,-111,29 May 2007 21:55,
Philadelphia Phillies,Arizona Diamondbacks,5,11,-152,+120,29 May 2007 21:55,
Tampa Bay Rays,Detroit Tigers,2,14,+145,-175,29 May 2007 21:55,
Kansas City Royals,Baltimore Orioles,1,9,-105,-125,28 May 2007 21:55,
Los Angeles Angels,Seattle Mariners,5,12,-156,+125,28 May 2007 21:55,
Oakland Athletics,Texas Rangers,5,3,-152,+120,28 May 2007 21:55,
Philadelphia Phillies,Arizona Diamondbacks,4,5,-156,+125,28 May 2007 21:55,
Colorado Rockies,St.Louis Cardinals,6,2,-152,+120,28 May 2007 19:05,
Chicago Cubs,Miami Marlins,3,5,-156,+125,28 May 2007 18:20,
Minnesota Twins,Chicago White Sox,10,4,-192,+154,28 May 2007 18:10,
Milwaukee Brewers,Atlanta Braves,1,2,-135,+104,28 May 2007 18:05,
Cincinnati Reds,Pittsburgh Pirates,4,0,-116,-116,28 May 2007 17:15,
Detroit Tigers,Cleveland Indians,3,5,-116,-116,27 May 2007 21:55,
Arizona Diamondbacks,Houston Astros,8,4,+100,-132,27 May 2007 20:40,
Los Angeles Dodgers,Chicago Cubs,2,1,-120,-111,27 May 2007 20:10,
San Francisco Giants,Colorado Rockies,4,6,-172,+140,27 May 2007 20:05,
Texas Rangers,Boston Red Sox,5,6,+100,-132,27 May 2007 19:05,
St.Louis Cardinals,Washington Nationals,2,7,-182,+150,27 May 2007 18:15,
Kansas City Royals,Seattle Mariners,4,7,+104,-135,27 May 2007 18:10,
Chicago White Sox,Tampa Bay Rays,5,11,-147,+114,27 May 2007 18:05,
Baltimore Orioles,Oakland Athletics,8,4,-116,-116,27 May 2007 17:35,
Cincinnati Reds,Pittsburgh Pirates,10,14,-120,-111,27 May 2007 17:15,
New York Yankees,Los Angeles Angels,3,4,-141,+110,27 May 2007 17:05,
Arizona Diamondbacks,Houston Astros,5,4,-175,+145,26 May 2007 21:55,
Cincinnati Reds,Pittsburgh Pirates,5,9,-192,+154,26 May 2007 21:55,
Miami Marlins,New York Mets,2,7,+114,-147,26 May 2007 21:55,
San Diego Padres,Milwaukee Brewers,6,3,-120,-111,26 May 2007 21:55,
San Francisco Giants,Colorado Rockies,1,6,-152,+120,26 May 2007 21:55,
Baltimore Orioles,Oakland Athletics,8,3,-111,-120,26 May 2007 21:55,
St.Louis Cardinals,Washington Nationals,8,6,-182,+150,26 May 2007 21:55,
Texas Rangers,Boston Red Sox,4,7,+114,-147,26 May 2007 21:55,
New York Yankees,Los Angeles Angels,1,3,-167,+135,26 May 2007 17:05,
Arizona Diamondbacks,Houston Astros,13,3,-125,-105,25 May 2007 21:55,
Atlanta Braves,Philadelphia Phillies,3,8,-161,+129,25 May 2007 21:55,
Cincinnati Reds,Pittsburgh Pirates,4,10,-161,+129,25 May 2007 21:55,
Detroit Tigers,Cleveland Indians,4,7,-132,+100,25 May 2007 21:55,
Kansas City Royals,Seattle Mariners,2,10,-116,-116,25 May 2007 21:55,
Los Angeles Dodgers,Chicago Cubs,9,8,-116,-116,25 May 2007 21:55,
San Diego Padres,Milwaukee Brewers,8,6,-135,+104,25 May 2007 21:55,
San Francisco Giants,Colorado Rockies,3,5,-172,+140,25 May 2007 21:55,
Texas Rangers,Boston Red Sox,6,10,+150,-182,25 May 2007 21:55,
Arizona Diamondbacks,Houston Astros,9,1,-116,-116,24 May 2007 21:55,
Atlanta Braves,New York Mets,2,1,-141,+110,24 May 2007 21:55,
Cincinnati Reds,Washington Nationals,3,4,-152,+120,24 May 2007 21:55,
Kansas City Royals,Cleveland Indians,3,10,+104,-135,24 May 2007 21:55,
Miami Marlins,Philadelphia Phillies,5,4,-116,-116,24 May 2007 21:55,
San Diego Padres,Chicago Cubs,1,3,-141,+110,24 May 2007 21:55,
Tampa Bay Rays,Seattle Mariners,13,12,-116,-116,24 May 2007 19:10,
St.Louis Cardinals,Pittsburgh Pirates,3,1,-132,+100,24 May 2007 17:10,
Detroit Tigers,Los Angeles Angels,12,0,-156,+125,24 May 2007 17:05,
Arizona Diamondbacks,Colorado Rockies,0,2,-116,-116,23 May 2007 21:55,
Atlanta Braves,New York Mets,0,3,-116,-116,23 May 2007 21:55,
Kansas City Royals,Cleveland Indians,11,7,+140,-172,23 May 2007 21:55,
Los Angeles Dodgers,Milwaukee Brewers,5,1,-132,+100,23 May 2007 21:55,
New York Yankees,Boston Red Sox,8,3,-125,-105,23 May 2007 21:55,
San Diego Padres,Chicago Cubs,2,1,-132,+100,23 May 2007 21:55,
San Francisco Giants,Houston Astros,9,1,-161,+129,23 May 2007 21:55,
Tampa Bay Rays,Seattle Mariners,1,5,-116,-116,23 May 2007 21:55,
Texas Rangers,Minnesota Twins,3,5,-120,-111,23 May 2007 18:05,
Arizona Diamondbacks,Colorado Rockies,1,3,-141,+110,22 May 2007 21:55,
Atlanta Braves,New York Mets,8,1,-105,-125,22 May 2007 21:55,
Kansas City Royals,Cleveland Indians,4,3,+135,-167,22 May 2007 21:55,
Los Angeles Dodgers,Milwaukee Brewers,3,2,-116,-116,22 May 2007 21:55,
New York Yankees,Boston Red Sox,3,7,-172,+140,22 May 2007 21:55,
San Diego Padres,Chicago Cubs,5,1,-172,+140,22 May 2007 21:55,
San Francisco Giants,Houston Astros,4,2,-111,-120,22 May 2007 21:55,
Tampa Bay Rays,Seattle Mariners,2,5,-120,-111,22 May 2007 21:55,
Texas Rangers,Minnesota Twins,1,7,+150,-182,22 May 2007 21:55,
Arizona Diamondbacks,Colorado Rockies,6,5,-175,+145,21 May 2007 21:55,
Chicago White Sox,Oakland Athletics,8,5,-125,-105,21 May 2007 21:55,
Cincinnati Reds,Washington Nationals,8,7,-222,+175,21 May 2007 21:55,
Cleveland Indians,Seattle Mariners,5,2,-141,+110,21 May 2007 21:55,
Los Angeles Dodgers,Milwaukee Brewers,5,9,-116,-116,21 May 2007 21:55,
New York Yankees,Boston Red Sox,6,2,-141,+110,21 May 2007 21:55,
San Francisco Giants,Houston Astros,4,0,-135,+104,21 May 2007 21:55,
Texas Rangers,Minnesota Twins,14,4,-116,-116,21 May 2007 21:55,
New York Mets,New York Yankees,2,6,-152,+120,20 May 2007 21:55,
Seattle Mariners,San Diego Padres,1,2,-172,+140,20 May 2007 20:05,
Los Angeles Angels,Los Angeles Dodgers,4,1,-141,+110,20 May 2007 19:35,
Colorado Rockies,Kansas City Royals,5,10,-161,+129,20 May 2007 19:05,
Boston Red Sox,Atlanta Braves,6,3,+104,-135,20 May 2007 18:05,
Tampa Bay Rays,Miami Marlins,3,4,-147,+114,20 May 2007 17:40,
Pittsburgh Pirates,Arizona Diamondbacks,2,5,+104,-125,20 May 2007 17:35,
Cleveland Indians,Cincinnati Reds,5,3,-156,+125,20 May 2007 17:05,
Colorado Rockies,Kansas City Royals,6,4,-111,-120,19 May 2007 21:55,
Pittsburgh Pirates,Arizona Diamondbacks,8,9,-147,+114,19 May 2007 21:55,
Seattle Mariners,San Diego Padres,7,4,-116,-116,19 May 2007 21:55,
Tampa Bay Rays,Miami Marlins,2,7,-105,-125,19 May 2007 21:55,
Chicago Cubs,Chicago White Sox,11,6,-132,+100,19 May 2007 19:55,
Colorado Rockies,Kansas City Royals,2,5,-182,+150,18 May 2007 21:55,
Los Angeles Angels,Los Angeles Dodgers,9,1,-105,-125,18 May 2007 21:55,
Milwaukee Brewers,Minnesota Twins,1,8,-161,+129,18 May 2007 21:55,
New York Mets,New York Yankees,3,2,-116,-116,18 May 2007 21:55,
Pittsburgh Pirates,Arizona Diamondbacks,11,5,-141,+110,18 May 2007 21:55,
Tampa Bay Rays,Miami Marlins,4,8,-120,-111,18 May 2007 21:55,
Chicago Cubs,Chicago White Sox,6,3,-141,+110,18 May 2007 18:20,
Boston Red Sox,Detroit Tigers,2,1,-192,+154,17 May 2007 21:55,
Houston Astros,San Francisco Giants,1,2,-200,+165,17 May 2007 21:55,
Seattle Mariners,Los Angeles Angels,3,7,-132,+100,17 May 2007 21:55,
Tampa Bay Rays,Texas Rangers,8,6,-156,+125,17 May 2007 21:55,
Oakland Athletics,Kansas City Royals,4,7,-192,+154,17 May 2007 19:35,
Colorado Rockies,Arizona Diamondbacks,1,3,-116,-116,17 May 2007 19:05,
Cleveland Indians,Minnesota Twins,2,0,+100,-132,17 May 2007 16:05,
Chicago White Sox,New York Yankees,1,8,+120,-152,16 May 2007 21:56,
Colorado Rockies,Arizona Diamondbacks,5,3,-116,-116,16 May 2007 21:55,
Houston Astros,San Francisco Giants,2,1,-116,-116,16 May 2007 21:55,
Los Angeles Dodgers,St.Louis Cardinals,5,4,-152,+120,16 May 2007 21:55,
New York Mets,Chicago Cubs,8,1,-125,-105,16 May 2007 21:55,
San Diego Padres,Cincinnati Reds,3,2,-175,+145,16 May 2007 21:55,
Washington Nationals,Atlanta Braves,6,4,+110,-141,16 May 2007 21:55,
Colorado Rockies,Arizona Diamondbacks,0,3,-116,-116,15 May 2007 21:55,
Houston Astros,San Francisco Giants,6,5,-120,-111,15 May 2007 21:55,
Los Angeles Dodgers,St.Louis Cardinals,9,7,-161,+129,15 May 2007 21:55,
New York Mets,Chicago Cubs,1,10,-147,+114,15 May 2007 21:55,
San Diego Padres,Cincinnati Reds,1,2,-116,-116,15 May 2007 21:55,
Tampa Bay Rays,Texas Rangers,4,3,-147,+114,15 May 2007 21:55,
Washington Nationals,Atlanta Braves,2,6,+165,-200,15 May 2007 21:55,
Los Angeles Dodgers,St.Louis Cardinals,4,8,-152,+120,14 May 2007 21:55,
New York Mets,Chicago Cubs,5,4,-147,+114,14 May 2007 21:55,
San Diego Padres,Cincinnati Reds,7,1,-147,+114,14 May 2007 21:55,
Washington Nationals,Atlanta Braves,2,1,+154,-192,14 May 2007 21:55,
Texas Rangers,Los Angeles Angels,2,7,-111,-120,14 May 2007 18:05,
Minnesota Twins,Detroit Tigers,16,4,-111,-120,13 May 2007 21:55,
Oakland Athletics,Cleveland Indians,10,7,-116,-116,13 May 2007 20:05,
Texas Rangers,Los Angeles Angels,7,6,-111,-120,13 May 2007 19:05,
Houston Astros,Arizona Diamondbacks,5,2,-135,+104,13 May 2007 18:05,
Pittsburgh Pirates,Atlanta Braves,13,2,-116,-116,13 May 2007 17:35,
New York Mets,Milwaukee Brewers,9,1,-120,-111,13 May 2007 17:10,
Toronto Blue Jays,Tampa Bay Rays,1,2,-147,+114,13 May 2007 17:05,
Colorado Rockies,San Francisco Giants,6,2,-116,-116,12 May 2007 21:55,
Houston Astros,Arizona Diamondbacks,10,4,-192,+154,12 May 2007 21:55,
Oakland Athletics,Cleveland Indians,3,6,+100,-132,12 May 2007 20:05,
Philadelphia Phillies,Chicago Cubs,11,7,-132,+100,12 May 2007 19:45,
New York Mets,Milwaukee Brewers,3,12,-111,-120,12 May 2007 17:10,
Boston Red Sox,Baltimore Orioles,13,4,-233,+179,12 May 2007 17:05,
Colorado Rockies,San Francisco Giants,3,8,-116,-116,11 May 2007 21:55,
Houston Astros,Arizona Diamondbacks,1,3,-111,-120,11 May 2007 21:55,
Minnesota Twins,Detroit Tigers,3,7,-213,+170,11 May 2007 21:55,
New York Mets,Milwaukee Brewers,5,4,-125,-105,11 May 2007 21:55,
Oakland Athletics,Cleveland Indians,8,2,-105,-125,11 May 2007 21:55,
Pittsburgh Pirates,Atlanta Braves,1,4,-116,-116,11 May 2007 21:55,
Colorado Rockies,San Francisco Giants,5,3,-116,-116,10 May 2007 21:55,
Toronto Blue Jays,Boston Red Sox,0,8,-147,+114,10 May 2007 21:55,
Los Angeles Angels,Cleveland Indians,8,0,-135,+104,10 May 2007 19:35,
Chicago Cubs,Pittsburgh Pirates,4,6,-213,+170,10 May 2007 18:20,
Kansas City Royals,Oakland Athletics,3,17,+104,-135,10 May 2007 18:10,
Minnesota Twins,Chicago White Sox,0,3,-125,-105,10 May 2007 17:10,
Atlanta Braves,San Diego Padres,5,3,-200,+165,10 May 2007 17:05,
Cincinnati Reds,Houston Astros,9,5,-152,+120,10 May 2007 16:35,
Miami Marlins,Los Angeles Dodgers,3,0,+100,-132,10 May 2007 16:05,
Arizona Diamondbacks,Philadelphia Phillies,3,9,-116,-116,09 May 2007 21:55,
Atlanta Braves,San Diego Padres,3,2,-152,+120,09 May 2007 21:55,
Chicago Cubs,Pittsburgh Pirates,1,0,-152,+120,09 May 2007 21:55,
Cincinnati Reds,Houston Astros,2,3,-135,+104,09 May 2007 21:55,
Los Angeles Angels,Cleveland Indians,3,2,-132,+100,09 May 2007 21:55,
Minnesota Twins,Chicago White Sox,3,6,-141,+110,09 May 2007 21:55,
Toronto Blue Jays,Boston Red Sox,3,9,+135,-167,09 May 2007 21:55,
San Francisco Giants,New York Mets,3,5,+114,-147,09 May 2007 19:35,
St.Louis Cardinals,Colorado Rockies,9,2,-135,+104,09 May 2007 17:10,
Milwaukee Brewers,Washington Nationals,3,1,-222,+175,09 May 2007 17:05,
Arizona Diamondbacks,Philadelphia Phillies,3,2,-120,-111,08 May 2007 21:55,
Chicago Cubs,Pittsburgh Pirates,3,4,-156,+125,08 May 2007 21:55,
Cincinnati Reds,Houston Astros,6,7,-116,-116,08 May 2007 21:55,
Los Angeles Angels,Cleveland Indians,1,5,-120,-111,08 May 2007 21:55,
Minnesota Twins,Chicago White Sox,7,4,-116,-116,08 May 2007 21:55,
New York Yankees,Texas Rangers,8,2,-244,+190,08 May 2007 21:55,
San Francisco Giants,New York Mets,1,4,-116,-116,08 May 2007 21:55,
Toronto Blue Jays,Boston Red Sox,2,9,+154,-192,08 May 2007 21:55,
Arizona Diamondbacks,Philadelphia Phillies,4,3,-116,-116,07 May 2007 21:55,
Atlanta Braves,San Diego Padres,2,4,-125,-105,07 May 2007 21:55,
Cincinnati Reds,Houston Astros,4,5,+110,-141,07 May 2007 21:55,
Miami Marlins,Los Angeles Dodgers,1,6,-111,-120,07 May 2007 21:55,
Milwaukee Brewers,Washington Nationals,3,0,-233,+179,07 May 2007 21:55,
San Francisco Giants,New York Mets,9,4,-116,-116,07 May 2007 21:55,
St.Louis Cardinals,Colorado Rockies,2,3,-125,-105,07 May 2007 21:55,
Baltimore Orioles,Cleveland Indians,1,10,+100,-132,07 May 2007 16:35,
San Francisco Giants,Philadelphia Phillies,5,8,+104,-135,06 May 2007 21:55,
Arizona Diamondbacks,New York Mets,3,1,-111,-120,06 May 2007 20:40,
Los Angeles Angels,Chicago White Sox,3,4,-135,+104,06 May 2007 19:35,
Cincinnati Reds,Colorado Rockies,9,3,-172,+140,06 May 2007 19:15,
Texas Rangers,Toronto Blue Jays,3,2,-111,-120,06 May 2007 19:05,
Chicago Cubs,Washington Nationals,4,3,-152,+120,06 May 2007 18:20,
St.Louis Cardinals,Houston Astros,3,1,-141,+110,06 May 2007 18:15,
Minnesota Twins,Boston Red Sox,3,4,+140,-172,06 May 2007 18:10,
Milwaukee Brewers,Pittsburgh Pirates,6,4,-233,+179,06 May 2007 18:05,
Tampa Bay Rays,Oakland Athletics,3,5,+100,-132,06 May 2007 17:40,
Baltimore Orioles,Cleveland Indians,6,9,+129,-161,06 May 2007 17:35,
Atlanta Braves,Los Angeles Dodgers,6,4,-120,-111,06 May 2007 17:05,
Milwaukee Brewers,Pittsburgh Pirates,6,3,-152,+120,05 May 2007 21:55,
Minnesota Twins,Boston Red Sox,2,1,-222,+175,05 May 2007 21:55,
Texas Rangers,Toronto Blue Jays,11,4,+129,-161,05 May 2007 21:55,
Los Angeles Angels,Chicago White Sox,3,6,-156,+125,05 May 2007 19:55,
Chicago Cubs,Washington Nationals,5,3,-222,+175,05 May 2007 17:05,
Arizona Diamondbacks,New York Mets,3,5,+100,-132,04 May 2007 21:55,
Atlanta Braves,Los Angeles Dodgers,4,0,-161,+129,04 May 2007 21:55,
Baltimore Orioles,Cleveland Indians,3,2,-116,-116,04 May 2007 21:55,
Cincinnati Reds,Colorado Rockies,5,6,-132,+100,04 May 2007 21:55,
Los Angeles Angels,Chicago White Sox,5,1,-141,+110,04 May 2007 21:55,
Milwaukee Brewers,Pittsburgh Pirates,10,0,-152,+120,04 May 2007 21:55,
Minnesota Twins,Boston Red Sox,0,2,-111,-120,04 May 2007 21:55,
San Francisco Giants,Philadelphia Phillies,6,2,-116,-116,04 May 2007 21:55,
Chicago Cubs,Washington Nationals,6,4,-233,+179,04 May 2007 18:20,
Arizona Diamondbacks,New York Mets,4,9,+104,-135,03 May 2007 21:55,
Boston Red Sox,Seattle Mariners,8,7,-161,+129,03 May 2007 21:55,
Houston Astros,Cincinnati Reds,7,5,-132,+100,03 May 2007 21:55,
San Francisco Giants,Philadelphia Phillies,7,9,-141,+110,03 May 2007 21:55,
Tampa Bay Rays,Minnesota Twins,6,4,-116,-116,03 May 2007 21:55,
Kansas City Royals,Los Angeles Angels,5,2,-111,-120,03 May 2007 18:10,
Atlanta Braves,Philadelphia Phillies,4,3,-132,+100,02 May 2007 21:55,
Boston Red Sox,Oakland Athletics,6,4,-192,+154,02 May 2007 21:55,
Houston Astros,Cincinnati Reds,3,1,-120,-111,02 May 2007 21:55,
Kansas City Royals,Los Angeles Angels,3,1,-105,-125,02 May 2007 21:55,
San Diego Padres,Washington Nationals,7,3,-175,+145,02 May 2007 21:55,
San Francisco Giants,Colorado Rockies,5,3,-156,+125,02 May 2007 21:55,
Tampa Bay Rays,Minnesota Twins,4,3,+100,-132,02 May 2007 21:55,
Seattle Mariners,Chicago White Sox,3,2,-125,-105,02 May 2007 19:35,
New York Mets,Miami Marlins,6,3,-167,+135,02 May 2007 17:10,
Detroit Tigers,Baltimore Orioles,3,2,-161,+129,02 May 2007 17:05,
Pittsburgh Pirates,Chicago Cubs,1,7,-132,+100,02 May 2007 16:35,
Atlanta Braves,Philadelphia Phillies,4,6,+100,-132,01 May 2007 21:55,
Detroit Tigers,Baltimore Orioles,5,4,-132,+100,01 May 2007 21:55,
Houston Astros,Cincinnati Reds,2,11,-116,-116,01 May 2007 21:55,
Kansas City Royals,Los Angeles Angels,5,7,+104,-135,01 May 2007 21:55,
New York Mets,Miami Marlins,2,5,-152,+120,01 May 2007 21:55,
San Diego Padres,Washington Nationals,3,0,-161,+129,01 May 2007 21:55,
Seattle Mariners,Chicago White Sox,5,2,-120,-111,01 May 2007 21:55,
Detroit Tigers,Baltimore Orioles,8,4,-156,+125,30 Apr 2007 21:55,
Kansas City Royals,Los Angeles Angels,1,3,+140,-172,30 Apr 2007 21:55,
Los Angeles Dodgers,Arizona Diamondbacks,1,9,-116,-116,30 Apr 2007 21:55,
New York Mets,Miami Marlins,6,9,-167,+135,30 Apr 2007 21:55,
San Diego Padres,Washington Nationals,2,3,-250,+200,30 Apr 2007 21:55,
San Francisco Giants,Colorado Rockies,9,5,-147,+114,30 Apr 2007 21:55,
Arizona Diamondbacks,San Francisco Giants,5,4,-135,+104,29 Apr 2007 20:40,
Seattle Mariners,Kansas City Royals,5,1,-147,+114,29 Apr 2007 20:05,
Colorado Rockies,Atlanta Braves,9,7,-125,-105,29 Apr 2007 19:05,
Chicago White Sox,Los Angeles Angels,2,5,-141,+110,29 Apr 2007 18:05,
Pittsburgh Pirates,Cincinnati Reds,5,9,-116,-116,29 Apr 2007 17:35,
Cleveland Indians,Baltimore Orioles,6,1,-161,+129,29 Apr 2007 17:05,
Arizona Diamondbacks,San Francisco Giants,5,4,+100,-132,28 Apr 2007 21:55,
Cleveland Indians,Baltimore Orioles,4,7,-135,+104,28 Apr 2007 21:55,
Colorado Rockies,Atlanta Braves,2,6,-105,-125,28 Apr 2007 21:55,
San Diego Padres,Los Angeles Dodgers,3,2,-125,-105,28 Apr 2007 21:55,
Seattle Mariners,Kansas City Royals,3,8,-111,-120,28 Apr 2007 21:55,
Oakland Athletics,Tampa Bay Rays,12,5,-192,+154,28 Apr 2007 20:05,
New York Yankees,Boston Red Sox,3,1,-116,-116,28 Apr 2007 19:55,
St.Louis Cardinals,Chicago Cubs,1,8,-116,-116,28 Apr 2007 19:55,
Detroit Tigers,Minnesota Twins,3,11,-167,+135,28 Apr 2007 17:05,
Arizona Diamondbacks,San Francisco Giants,3,2,-116,-116,27 Apr 2007 21:55,
Cleveland Indians,Baltimore Orioles,5,4,-147,+114,27 Apr 2007 21:55,
Colorado Rockies,Atlanta Braves,7,9,-116,-116,27 Apr 2007 21:55,
Houston Astros,Milwaukee Brewers,1,4,-161,+129,27 Apr 2007 21:55,
Seattle Mariners,Kansas City Royals,7,4,-132,+100,27 Apr 2007 21:55,
St.Louis Cardinals,Chicago Cubs,3,5,-105,-125,27 Apr 2007 21:55,
Arizona Diamondbacks,San Diego Padres,7,4,-105,-125,26 Apr 2007 21:55,
Baltimore Orioles,Boston Red Sox,2,5,+125,-156,26 Apr 2007 21:55,
Los Angeles Dodgers,San Francisco Giants,4,5,-192,+154,26 Apr 2007 21:55,
Oakland Athletics,Seattle Mariners,2,4,-141,+110,26 Apr 2007 19:35,
Philadelphia Phillies,Washington Nationals,2,4,-213,+170,26 Apr 2007 19:05,
Minnesota Twins,Kansas City Royals,1,0,-152,+120,26 Apr 2007 17:10,
St.Louis Cardinals,Cincinnati Reds,7,5,-116,-116,26 Apr 2007 17:10,
Pittsburgh Pirates,Houston Astros,5,3,-111,-120,26 Apr 2007 16:35,
Cleveland Indians,Texas Rangers,9,4,-147,+114,26 Apr 2007 16:05,
Arizona Diamondbacks,San Diego Padres,3,2,-116,-116,25 Apr 2007 21:55,
Los Angeles Angels,Tampa Bay Rays,9,1,-222,+175,25 Apr 2007 21:55,
Los Angeles Dodgers,San Francisco Giants,4,6,-141,+110,25 Apr 2007 21:55,
Miami Marlins,Atlanta Braves,4,3,+135,-167,25 Apr 2007 21:55,
St.Louis Cardinals,Cincinnati Reds,5,2,-125,-105,25 Apr 2007 21:55,
Chicago Cubs,Milwaukee Brewers,9,3,-120,-111,25 Apr 2007 18:20,
New York Mets,Colorado Rockies,5,11,-192,+154,25 Apr 2007 17:10,
Arizona Diamondbacks,San Diego Padres,5,10,-152,+120,24 Apr 2007 21:55,
Chicago Cubs,Milwaukee Brewers,1,4,-156,+125,24 Apr 2007 21:55,
Kansas City Royals,Chicago White Sox,7,9,+129,-161,24 Apr 2007 21:55,
Los Angeles Dodgers,San Francisco Giants,3,5,-156,+125,24 Apr 2007 21:55,
Miami Marlins,Atlanta Braves,6,11,-116,-116,24 Apr 2007 21:55,
New York Mets,Colorado Rockies,2,1,-213,+170,24 Apr 2007 21:55,
St.Louis Cardinals,Cincinnati Reds,3,10,-125,+104,24 Apr 2007 21:55,
Los Angeles Angels,Detroit Tigers,9,8,-116,-116,24 Apr 2007 19:35,
Baltimore Orioles,Oakland Athletics,2,4,-116,-116,24 Apr 2007 19:05,
Chicago Cubs,Milwaukee Brewers,4,5,-156,+125,23 Apr 2007 21:55,
Kansas City Royals,Chicago White Sox,4,7,+100,-132,23 Apr 2007 21:55,
Los Angeles Angels,Detroit Tigers,5,9,-147,+114,23 Apr 2007 21:55,
Miami Marlins,Atlanta Braves,8,7,-147,+114,23 Apr 2007 21:55,
New York Mets,Colorado Rockies,6,1,-200,+165,23 Apr 2007 21:55,
Philadelphia Phillies,Houston Astros,11,4,-152,+120,23 Apr 2007 21:55,
Boston Red Sox,New York Yankees,7,6,-192,+154,22 Apr 2007 21:55,
Los Angeles Dodgers,Pittsburgh Pirates,5,7,-141,+110,22 Apr 2007 20:10,
San Francisco Giants,Arizona Diamondbacks,2,1,-200,+165,22 Apr 2007 20:05,
Los Angeles Angels,Seattle Mariners,6,1,-152,+120,22 Apr 2007 19:35,
Texas Rangers,Oakland Athletics,4,3,-116,-116,22 Apr 2007 19:05,
Chicago Cubs,St.Louis Cardinals,9,12,+104,-135,22 Apr 2007 18:20,
Kansas City Royals,Minnesota Twins,3,1,+120,-152,22 Apr 2007 18:10,
Milwaukee Brewers,Houston Astros,4,3,+110,-141,22 Apr 2007 18:05,
Tampa Bay Rays,Cleveland Indians,4,6,-111,-120,22 Apr 2007 17:40,
Baltimore Orioles,Toronto Blue Jays,7,3,-111,-120,22 Apr 2007 17:35,
Cincinnati Reds,Philadelphia Phillies,3,9,-125,-105,22 Apr 2007 17:15,
New York Mets,Atlanta Braves,6,9,-125,-105,22 Apr 2007 17:10,
Detroit Tigers,Chicago White Sox,6,5,-167,+135,22 Apr 2007 17:05,
Los Angeles Angels,Seattle Mariners,7,6,-152,+120,21 Apr 2007 21:55,
Los Angeles Dodgers,Pittsburgh Pirates,7,3,-152,+120,21 Apr 2007 21:55,
Milwaukee Brewers,Houston Astros,6,4,-141,+110,21 Apr 2007 21:55,
Tampa Bay Rays,Cleveland Indians,6,5,+120,-152,21 Apr 2007 21:55,
Texas Rangers,Oakland Athletics,7,0,-116,-116,21 Apr 2007 21:55,
San Francisco Giants,Arizona Diamondbacks,1,0,-152,+120,21 Apr 2007 20:05,
Boston Red Sox,New York Yankees,7,5,-161,+129,21 Apr 2007 19:55,
Kansas City Royals,Minnesota Twins,5,7,-116,-116,21 Apr 2007 18:10,
New York Mets,Atlanta Braves,7,2,-120,-111,21 Apr 2007 17:10,
Detroit Tigers,Chicago White Sox,5,7,-141,+110,21 Apr 2007 17:05,
Baltimore Orioles,Toronto Blue Jays,5,4,-125,-105,20 Apr 2007 21:55,
Cincinnati Reds,Philadelphia Phillies,2,1,-132,+100,20 Apr 2007 21:55,
Colorado Rockies,San Diego Padres,1,11,-120,-111,20 Apr 2007 21:55,
Kansas City Royals,Minnesota Twins,11,7,-105,-125,20 Apr 2007 21:55,
Los Angeles Dodgers,Pittsburgh Pirates,10,2,-175,+145,20 Apr 2007 21:55,
San Francisco Giants,Arizona Diamondbacks,4,2,-116,-116,20 Apr 2007 21:55,
Texas Rangers,Oakland Athletics,4,16,-120,-111,20 Apr 2007 21:55,
Chicago Cubs,St.Louis Cardinals,1,2,-132,+100,20 Apr 2007 18:20,
Atlanta Braves,Chicago Cubs,0,3,-111,-120,19 Apr 2007 21:55,
Cincinnati Reds,Houston Astros,6,8,-141,+110,19 Apr 2007 21:55,
Miami Marlins,New York Mets,3,11,+120,-152,19 Apr 2007 21:55,
Seattle Mariners,Minnesota Twins,5,6,+135,-167,19 Apr 2007 21:55,
San Diego Padres,Arizona Diamondbacks,11,6,-175,+145,19 Apr 2007 19:35,
New York Yankees,Cleveland Indians,8,6,-161,+129,19 Apr 2007 17:05,
Toronto Blue Jays,Boston Red Sox,3,5,-192,+154,19 Apr 2007 16:35,
Atlanta Braves,Chicago Cubs,8,6,-116,-116,18 Apr 2007 21:55,
Chicago White Sox,Texas Rangers,6,0,-125,-105,18 Apr 2007 21:55,
Cincinnati Reds,Houston Astros,2,7,-135,+104,18 Apr 2007 21:55,
Milwaukee Brewers,Pittsburgh Pirates,7,3,-120,-111,18 Apr 2007 21:55,
New York Yankees,Cleveland Indians,9,2,-135,+104,18 Apr 2007 21:55,
San Francisco Giants,St.Louis Cardinals,6,5,-120,-111,18 Apr 2007 21:55,
Colorado Rockies,Los Angeles Dodgers,7,2,-116,-116,18 Apr 2007 21:55,
Seattle Mariners,Minnesota Twins,4,5,-192,+154,18 Apr 2007 21:55,
Oakland Athletics,Los Angeles Angels,3,0,-111,-120,18 Apr 2007 19:35,
Tampa Bay Rays,Baltimore Orioles,4,6,-120,-111,18 Apr 2007 19:10,
Detroit Tigers,Kansas City Royals,3,4,-192,+154,18 Apr 2007 17:05,
Arizona Diamondbacks,Los Angeles Dodgers,4,6,-120,-111,17 Apr 2007 21:55,
Chicago White Sox,Texas Rangers,1,8,-147,+114,17 Apr 2007 21:55,
Colorado Rockies,San Francisco Giants,5,3,-116,-116,17 Apr 2007 21:55,
Houston Astros,Miami Marlins,6,1,-200,+165,17 Apr 2007 21:55,
Oakland Athletics,Los Angeles Angels,4,1,-111,-120,17 Apr 2007 21:55,
Tampa Bay Rays,Baltimore Orioles,6,4,-116,-116,17 Apr 2007 21:55,
Toronto Blue Jays,Boston Red Sox,2,1,+120,-152,17 Apr 2007 21:55,
St.Louis Cardinals,Pittsburgh Pirates,1,6,-156,+125,17 Apr 2007 17:10,
Arizona Diamondbacks,Los Angeles Dodgers,1,5,-116,-116,16 Apr 2007 21:55,
Colorado Rockies,San Francisco Giants,0,8,-125,-105,16 Apr 2007 21:55,
Houston Astros,Miami Marlins,4,3,-116,-116,16 Apr 2007 21:55,
St.Louis Cardinals,Pittsburgh Pirates,2,3,-125,-105,16 Apr 2007 21:55,
Tampa Bay Rays,Baltimore Orioles,7,9,-116,-116,16 Apr 2007 21:55,
Washington Nationals,Atlanta Braves,5,1,+154,-192,16 Apr 2007 21:55,
Boston Red Sox,Los Angeles Angels,7,2,-182,+150,16 Apr 2007 20:05,
Los Angeles Dodgers,San Diego Padres,9,3,-116,-116,15 Apr 2007 21:55,
Arizona Diamondbacks,Colorado Rockies,6,4,-132,+100,15 Apr 2007 20:40,
Oakland Athletics,New York Yankees,5,4,-116,-116,15 Apr 2007 20:05,
St.Louis Cardinals,Milwaukee Brewers,10,2,-111,-120,15 Apr 2007 18:15,
Minnesota Twins,Tampa Bay Rays,4,6,-161,+129,15 Apr 2007 18:10,
Arizona Diamondbacks,Colorado Rockies,5,4,-132,+100,14 Apr 2007 21:55,
Los Angeles Dodgers,San Diego Padres,2,7,-116,-116,14 Apr 2007 21:55,
Minnesota Twins,Tampa Bay Rays,12,5,-141,+110,14 Apr 2007 21:55,
Seattle Mariners,Texas Rangers,8,3,-116,-116,14 Apr 2007 19:55,
New York Mets,Washington Nationals,2,6,-250,+200,14 Apr 2007 17:10,
Cleveland Indians,Chicago White Sox,4,0,-125,-105,14 Apr 2007 17:05,
Arizona Diamondbacks,Colorado Rockies,3,6,-175,+145,13 Apr 2007 21:55,
Atlanta Braves,Miami Marlins,4,11,-116,-116,13 Apr 2007 21:55,
Cleveland Indians,Chicago White Sox,4,6,-116,-116,13 Apr 2007 21:55,
Los Angeles Dodgers,San Diego Padres,9,1,-132,+100,13 Apr 2007 21:55,
New York Mets,Washington Nationals,3,2,-182,+150,13 Apr 2007 21:55,
Oakland Athletics,New York Yankees,5,4,-116,-116,13 Apr 2007 21:55,
Chicago Cubs,Cincinnati Reds,5,6,-147,+114,13 Apr 2007 18:20,
Atlanta Braves,Washington Nationals,0,2,-303,+250,12 Apr 2007 21:55,
Minnesota Twins,Tampa Bay Rays,3,2,-161,+129,12 Apr 2007 21:55,
New York Mets,Philadelphia Phillies,5,3,-147,+114,12 Apr 2007 21:55,
Toronto Blue Jays,Detroit Tigers,4,5,-120,-111,12 Apr 2007 21:55,
Cleveland Indians,Los Angeles Angels,4,2,-132,+100,12 Apr 2007 17:05,
Arizona Diamondbacks,Cincinnati Reds,2,3,-116,-116,11 Apr 2007 21:55,
Atlanta Braves,Washington Nationals,8,3,-233,+179,11 Apr 2007 21:55,
Baltimore Orioles,Detroit Tigers,1,4,+100,-132,11 Apr 2007 21:55,
Cleveland Indians,Los Angeles Angels,1,4,-120,-111,11 Apr 2007 21:55,
Los Angeles Dodgers,Colorado Rockies,3,0,-147,+114,11 Apr 2007 21:55,
Miami Marlins,Milwaukee Brewers,2,5,-116,-116,11 Apr 2007 21:55,
San Diego Padres,San Francisco Giants,4,0,-135,+104,11 Apr 2007 21:55,
Boston Red Sox,Seattle Mariners,0,3,-156,+125,11 Apr 2007 21:55,
Minnesota Twins,New York Yankees,5,1,+104,-135,11 Apr 2007 21:55,
New York Mets,Philadelphia Phillies,2,5,-141,+110,11 Apr 2007 21:55,
Texas Rangers,Tampa Bay Rays,5,6,-161,+129,11 Apr 2007 21:55,
Toronto Blue Jays,Kansas City Royals,7,4,-161,+129,11 Apr 2007 21:55,
Oakland Athletics,Chicago White Sox,3,6,-120,-111,11 Apr 2007 19:35,
Pittsburgh Pirates,St.Louis Cardinals,2,3,-105,-125,11 Apr 2007 16:35,
Arizona Diamondbacks,Cincinnati Reds,5,4,-132,+100,10 Apr 2007 21:55,
Atlanta Braves,Washington Nationals,8,0,-244,+190,10 Apr 2007 21:55,
Baltimore Orioles,Detroit Tigers,1,3,+100,-132,10 Apr 2007 21:55,
Los Angeles Dodgers,Colorado Rockies,2,1,-125,-105,10 Apr 2007 21:55,
Minnesota Twins,New York Yankees,1,10,+104,-135,10 Apr 2007 21:55,
Oakland Athletics,Chicago White Sox,2,1,-120,-111,10 Apr 2007 21:55,
Texas Rangers,Tampa Bay Rays,12,9,-141,+110,10 Apr 2007 21:55,
Chicago Cubs,Houston Astros,2,4,-147,+114,10 Apr 2007 18:20,
Boston Red Sox,Seattle Mariners,14,3,-175,+145,10 Apr 2007 18:05,
Arizona Diamondbacks,Cincinnati Reds,3,2,-116,-116,09 Apr 2007 21:55,
Minnesota Twins,New York Yankees,2,8,+100,-132,09 Apr 2007 21:55,
Oakland Athletics,Chicago White Sox,1,4,-172,+140,09 Apr 2007 21:55,
Texas Rangers,Tampa Bay Rays,8,4,-161,+129,09 Apr 2007 21:55,
Toronto Blue Jays,Kansas City Royals,9,1,-213,+170,09 Apr 2007 21:55,
Los Angeles Dodgers,Colorado Rockies,3,6,-156,+125,09 Apr 2007 20:10,
Baltimore Orioles,Detroit Tigers,6,2,-132,+100,09 Apr 2007 19:05,
Pittsburgh Pirates,St.Louis Cardinals,0,3,-120,-111,09 Apr 2007 17:35,
New York Mets,Philadelphia Phillies,11,5,-132,+100,09 Apr 2007 17:10,
Texas Rangers,Boston Red Sox,2,3,+100,-132,08 Apr 2007 21:55,
Los Angeles Angels,Oakland Athletics,1,2,-156,+125,08 Apr 2007 19:35,
Kansas City Royals,Detroit Tigers,2,3,+145,-175,08 Apr 2007 18:10,
Milwaukee Brewers,Chicago Cubs,9,4,-125,-105,08 Apr 2007 18:05,
Tampa Bay Rays,Toronto Blue Jays,3,6,+125,-156,08 Apr 2007 17:40,
Washington Nationals,Arizona Diamondbacks,1,3,+110,-141,08 Apr 2007 17:35,
Cincinnati Reds,Pittsburgh Pirates,3,6,-120,-111,08 Apr 2007 17:15,
New York Yankees,Baltimore Orioles,4,6,-156,+125,08 Apr 2007 17:05,
Los Angeles Angels,Oakland Athletics,2,1,-135,+104,07 Apr 2007 21:55,
San Diego Padres,Colorado Rockies,3,2,-152,+120,07 Apr 2007 21:55,
Tampa Bay Rays,Toronto Blue Jays,5,8,+100,-132,07 Apr 2007 21:55,
Texas Rangers,Boston Red Sox,8,4,-135,+104,07 Apr 2007 21:55,
Washington Nationals,Arizona Diamondbacks,1,7,+114,-147,07 Apr 2007 21:55,
San Francisco Giants,Los Angeles Dodgers,1,4,+110,-141,07 Apr 2007 19:55,
Kansas City Royals,Detroit Tigers,5,6,+100,-132,07 Apr 2007 18:10,
New York Yankees,Baltimore Orioles,10,7,-192,+154,07 Apr 2007 17:05,
Atlanta Braves,New York Mets,1,11,-120,-111,06 Apr 2007 21:55,
Cincinnati Reds,Pittsburgh Pirates,6,1,-120,-111,06 Apr 2007 21:55,
Kansas City Royals,Detroit Tigers,3,1,+140,-172,06 Apr 2007 21:55,
Milwaukee Brewers,Chicago Cubs,3,9,-120,-111,06 Apr 2007 21:55,
San Diego Padres,Colorado Rockies,3,4,-152,+120,06 Apr 2007 21:55,
San Francisco Giants,Los Angeles Dodgers,1,2,-116,-116,06 Apr 2007 21:55,
Washington Nationals,Arizona Diamondbacks,1,7,-116,-116,06 Apr 2007 21:55,
Texas Rangers,Boston Red Sox,2,0,-116,-116,06 Apr 2007 18:05,
San Francisco Giants,San Diego Padres,5,3,-111,-120,05 Apr 2007 21:55,
Los Angeles Angels,Oakland Athletics,3,4,-141,+110,05 Apr 2007 21:55,
Washington Nationals,Arizona Diamondbacks,3,4,-105,-125,05 Apr 2007 21:55,
Philadelphia Phillies,Atlanta Braves,4,8,-116,-116,05 Apr 2007 19:05,
Kansas City Royals,Boston Red Sox,1,4,+140,-172,05 Apr 2007 18:10,
Chicago White Sox,Cleveland Indians,4,3,-116,-116,05 Apr 2007 18:05,
Cincinnati Reds,Chicago Cubs,5,2,-116,-116,05 Apr 2007 16:35,
Cincinnati Reds,Chicago Cubs,1,4,-132,+100,04 Apr 2007 21:55,
Milwaukee Brewers,Los Angeles Dodgers,4,5,-116,-116,04 Apr 2007 21:55,
Minnesota Twins,Baltimore Orioles,7,2,-135,+104,04 Apr 2007 21:55,
Philadelphia Phillies,Atlanta Braves,2,3,-120,-111,04 Apr 2007 21:55,
San Francisco Giants,San Diego Padres,3,5,-116,-116,04 Apr 2007 21:55,
Seattle Mariners,Oakland Athletics,0,9,-116,-116,04 Apr 2007 21:55,
Los Angeles Angels,Texas Rangers,5,3,-152,+120,04 Apr 2007 19:35,
Colorado Rockies,Arizona Diamondbacks,11,4,-116,-116,04 Apr 2007 19:05,
Chicago White Sox,Cleveland Indians,7,8,-116,-116,04 Apr 2007 18:05,
Washington Nationals,Miami Marlins,7,6,+110,-141,04 Apr 2007 17:05,
Colorado Rockies,Arizona Diamondbacks,4,3,-135,+104,03 Apr 2007 21:55,
Milwaukee Brewers,Los Angeles Dodgers,4,3,-132,+100,03 Apr 2007 21:55,
Minnesota Twins,Baltimore Orioles,3,2,-135,+104,03 Apr 2007 21:55,
Seattle Mariners,Oakland Athletics,8,4,-120,-111,03 Apr 2007 21:55,
Washington Nationals,Miami Marlins,3,9,+104,-135,03 Apr 2007 21:55,
San Francisco Giants,San Diego Padres,0,7,-120,-111,03 Apr 2007 20:05,
Los Angeles Angels,Texas Rangers,4,1,-152,+120,02 Apr 2007 21:55,
Minnesota Twins,Baltimore Orioles,7,4,-222,+175,02 Apr 2007 21:55,
Seattle Mariners,Oakland Athletics,4,0,-111,-120,02 Apr 2007 21:55,
Kansas City Royals,Boston Red Sox,7,1,+129,-161,02 Apr 2007 20:10,
Colorado Rockies,Arizona Diamondbacks,6,8,-111,-120,02 Apr 2007 20:05,
Cincinnati Reds,Chicago Cubs,5,1,-116,-116,02 Apr 2007 18:10,
Chicago White Sox,Cleveland Indians,5,12,-120,-111,02 Apr 2007 18:05,
Philadelphia Phillies,Atlanta Braves,0,2,-116,-116,02 Apr 2007 17:05,
St.Louis Cardinals,New York Mets,1,6,-147,+114,01 Apr 2007 21:55,
